method,auroc_mean,auroc_std,accuracy_mean,precision_mean,recall_mean,f1_mean,shuffle_repeats
step_index,0.5,0.0,0.5,0.5,0.6666666666666666,0.5714285714285714,
step_prefix_char_length,0.5005425347222222,0.0006465047356669495,0.5,0.5,0.5270833333333333,0.513090909090909,
tfidf_char_ngram_step_prefix,0.5564344618055556,0.021537969767600397,0.565625,0.5564624505928853,0.6583333333333333,0.6022643017897418,
hidden_label_shuffle_selected_layer,0.4950917081212234,0.0209160685284586,,,,,20.0
