baseline,auroc,median_threshold,accuracy_at_median_threshold,precision_at_median_threshold,recall_at_median_threshold,f1_at_median_threshold
entropy,0.6089,3.582640767097473,0.5633333333333334,0.5633333333333334,0.5633333333333334,0.5633333333333334
negative_top1_prob,0.5627333333333333,-0.24694647639989853,0.53,0.53,0.53,0.53
negative_margin,0.5663055555555556,-0.10697503760457039,0.5566666666666666,0.5566666666666666,0.5566666666666666,0.5566666666666666
