name,AUROC_mean,AUROC_std,Accuracy_mean,Accuracy_std,F1_mean,F1_std
group_entity_length_baseline,0.4891388888888889,0.029440041599541177,0.49833333333333335,0.009718253158075492,0.5094300640690028,0.04963768921280862
group_entity_tfidf_baseline,0.950388888888889,0.027547153737044153,0.8666666666666668,0.054518090779320405,0.8663128896621719,0.053436161747043
