method,auroc
hidden_probe_layer_10,0.9998888888888888
entropy,0.6089
negative_top1_prob,0.5627333333333333
negative_margin,0.5663055555555556
