layer,threshold_name,threshold_mean,threshold_std,auroc_mean,auroc_std,accuracy_mean,accuracy_std,f1_mean,f1_std,brier_mean,ece_10bin_mean
25,fixed_0.5,0.5,0.0,0.8253298611111111,0.06417376541521361,0.7072916666666667,0.05404634071280355,0.7239764106326781,0.036548134974806884,0.23033173181137742,0.2124923472637853
25,test_oracle_f1_diagnostic_only,0.3875115896841435,0.3424612258300223,0.8253298611111111,0.06417376541521361,0.7666666666666666,0.05641693336552747,0.78011237935027,0.018233348373325183,0.23033173181137742,0.2124923472637853
25,train_best_f1,0.4571495917225905,0.03420510574334598,0.8253298611111111,0.06417376541521361,0.70625,0.049709806022703584,0.7272205148328508,0.0386148603136816,0.23033173181137742,0.2124923472637853
25,train_youden,0.4687604048957221,0.04395497873449133,0.8253298611111111,0.06417376541521361,0.7041666666666666,0.05137011669140817,0.7251372500279649,0.03748115630708427,0.23033173181137742,0.2124923472637853
28,fixed_0.5,0.5,0.0,0.9130381944444445,0.04058501019268737,0.7166666666666667,0.16446461963325462,0.7601691943543438,0.10010967862404449,0.2558029661763063,0.25980727113173663
28,test_oracle_f1_diagnostic_only,0.41655162121272915,0.49923382130936433,0.9130381944444445,0.04058501019268737,0.8270833333333333,0.06688332848796948,0.8479754890981407,0.05084391115020334,0.2558029661763063,0.25980727113173663
28,train_best_f1,0.4325,0.03403429642777024,0.9130381944444445,0.04058501019268737,0.7166666666666667,0.16586613299306785,0.7606963070024882,0.10294306473204323,0.2558029661763063,0.25980727113173663
28,train_youden,0.4325,0.03403429642777024,0.9130381944444445,0.04058501019268737,0.7166666666666667,0.16586613299306785,0.7606963070024882,0.10294306473204323,0.2558029661763063,0.25980727113173663
