name,AUROC_mean,AUROC_std,Accuracy_mean,Accuracy_std,F1_mean,F1_std
length_baseline,0.4336388888888889,0.054749034604488295,0.45666666666666667,0.07137537701787952,0.4293650629452054,0.06910147708315163
