name,AUROC_mean,AUROC_std,Accuracy_mean,Accuracy_std,F1_mean,F1_std
tfidf_char_ngram_baseline,0.06883333333333333,0.024662161750791882,0.14333333333333334,0.03391164991562634,0.1318568152714494,0.01656389565319725
