baseline,auroc,median_threshold,accuracy_at_median_threshold,precision_at_median_threshold,recall_at_median_threshold,f1_at_median_threshold
entropy,0.7983777777777777,2.9808826446533203,0.7233333333333334,0.7233333333333334,0.7233333333333334,0.7233333333333334
negative_top1_prob,0.7803111111111112,-0.3373909592628479,0.7266666666666667,0.7266666666666667,0.7266666666666667,0.7266666666666667
negative_margin,0.7438,-0.15788515657186508,0.68,0.68,0.68,0.68
