name,AUROC_mean,AUROC_std,Accuracy_mean,Accuracy_std,F1_mean,F1_std
group_entity_length_baseline,0.4891388888888889,0.029440041599541177,0.49833333333333335,0.009718253158075492,0.5094300640690028,0.04963768921280862
group_entity_tfidf_baseline,0.4573333333333333,0.036548884903021585,0.4633333333333334,0.03231786571610885,0.4633333333333334,0.03231786571610885
