,char_len,char_len,char_len,char_len,token_len,token_len,token_len,token_len
,mean,std,min,max,mean,std,min,max
label,,,,,,,,
0,27.47,2.462243314635706,24,37,17.676666666666666,1.8302883398284353,15,23
1,27.47,1.9134535133694996,24,36,17.676666666666666,1.5770476063617502,15,23
