method,auroc,median_threshold,accuracy_at_median,precision_at_median,recall_at_median,f1_at_median
hidden_layer_18,0.7512,0.7089916001906759,0.63,0.63,0.63,0.63
length_baseline,0.5,0.5,0.5,0.5,1.0,0.6666666666666666
tfidf_char_ngram,0.50945,0.4945051537610555,0.515,0.5148514851485149,0.52,0.5174129353233831
entropy,0.7801,2.7476083040237427,0.71,0.71,0.71,0.71
negative_top1_prob,0.7801,-0.4455453008413314,0.72,0.72,0.72,0.72
negative_margin,0.7559,-0.3125031031668186,0.69,0.69,0.69,0.69
