target,score,auroc,median_threshold,accuracy_at_median,precision_at_median,recall_at_median,f1_at_median
high_risk_behavior,hidden_risk_score_oof,0.9479248283846522,0.589548647403717,0.8883333333333333,1.0,0.8174386920980926,0.8995502248875562
high_risk_behavior,entropy_score,0.9315877489445803,2.9917327165603638,0.8316666666666667,0.9433333333333334,0.771117166212534,0.848575712143928
high_risk_behavior,neg_top1_prob_score,0.9251909111108513,-0.3714540898799896,0.825,0.9366666666666666,0.7656675749318801,0.8425787106446777
high_risk_behavior,neg_margin_score,0.894750382991662,-0.2320723719894886,0.8083333333333333,0.92,0.7520435967302452,0.8275862068965517
