{
  "split": "GroupKFold(entity)",
  "layer": 21,
  "auroc": 1.0,
  "accuracy": 0.9983333333333333,
  "precision": 0.9966777408637874,
  "recall": 1.0,
  "f1": 0.9983361064891847
}