name,AUROC_mean,AUROC_std,Accuracy_mean,Accuracy_std,F1_mean,F1_std
controlled_v3_length_baseline,0.4410833333333334,0.061349434279541246,0.465,0.05901977069875257,0.4470988794553755,0.07264112461409793
controlled_v3_tfidf_char_ngram_baseline,0.4100555555555555,0.08030351375243584,0.42333333333333334,0.04422166387140532,0.42944174198919904,0.053229688674368135
