method,auroc,median_threshold,accuracy_at_median,precision_at_median,recall_at_median,f1_at_median
hidden_layer_21,0.9016,0.0033954527105870234,0.82,0.82,0.82,0.82
length_baseline,0.5,0.5,0.5,0.5,1.0,0.6666666666666666
tfidf_char_ngram,0.50945,0.4945051537610555,0.515,0.5148514851485149,0.52,0.5174129353233831
entropy,0.7911999999999999,2.242390751838684,0.73,0.73,0.73,0.73
negative_top1_prob,0.7694000000000001,-0.5623180270195007,0.71,0.71,0.71,0.71
negative_margin,0.7511999999999999,-0.4755199607461691,0.7,0.7,0.7,0.7
