target,score,auroc,median_threshold,accuracy_at_median,precision_at_median,recall_at_median,f1_at_median
high_risk_behavior,hidden_risk_score_oof,0.9700867584497369,0.36734478175640106,0.965,1.0,0.9345794392523364,0.966183574879227
high_risk_behavior,entropy_score,0.42635581013633467,0.24423386901617045,0.41833333333333333,0.4533333333333333,0.4236760124610592,0.43800322061191627
high_risk_behavior,neg_top1_prob_score,0.3910438928527562,-0.9545186460018158,0.405,0.44,0.411214953271028,0.4251207729468599
high_risk_behavior,neg_margin_score,0.3696334260096696,-0.9237272450700402,0.3883333333333333,0.42333333333333334,0.3956386292834891,0.40901771336553944
