{
  "split": "GroupKFold(entity)",
  "layer": 10,
  "auroc": 1.0,
  "accuracy": 0.9983333333333333,
  "precision": 1.0,
  "recall": 0.9966666666666667,
  "f1": 0.998330550918197
}