name,AUROC_mean,AUROC_std,Accuracy_mean,Accuracy_std,F1_mean,F1_std
length_baseline,0.4410833333333334,0.061349434279541246,0.465,0.05901977069875257,0.4470988794553755,0.07264112461409793
