name,AUROC_mean,AUROC_std,Accuracy_mean,Accuracy_std,F1_mean,F1_std
tfidf_char_ngram_baseline,0.6258333333333334,0.08128463174564232,0.6000000000000001,0.09354143466934856,0.6036339519385707,0.10399207748781925
