name,AUROC_mean,AUROC_std,Accuracy_mean,Accuracy_std,F1_mean,F1_std
controlled_v2_length_baseline,0.6924999999999999,0.06964951318925354,0.655,0.06873863542433759,0.6555320200141932,0.10197687029520837
controlled_v2_tfidf_char_ngram_baseline,0.8191875,0.08662206885372803,0.7375,0.07373940601876312,0.7397489234436155,0.07229336195218225
