method,auroc_mean,accuracy_mean,precision_mean,recall_mean,f1_mean,n_splits,auroc_std
prompt_length,0.5843301435406698,0.5666666666666667,0.43333333333333335,0.5909090909090909,0.5,1,
model_answer_length,0.5915071770334928,0.43333333333333335,0.39285714285714285,1.0,0.5641025641025641,1,
tfidf_char_ngram_prompt,0.8175000000000001,0.7833333333333333,0.6333333333333333,0.5800000000000001,0.6002164502164502,5,0.10098147183053546
