name,AUROC_mean,AUROC_std,Accuracy_mean,Accuracy_std,F1_mean,F1_std
tfidf_char_ngram_baseline,0.06200000000000001,0.024366922529943068,0.13666666666666666,0.035590260840104374,0.13094637143190055,0.016518227660623587
