name,AUROC_mean,AUROC_std,Accuracy_mean,Accuracy_std,F1_mean,F1_std
length_baseline,0.86675,0.02847806173179627,0.7899999999999999,0.05612486080160913,0.7923246672027159,0.05474333716242524
