name,AUROC_mean,AUROC_std,Accuracy_mean,Accuracy_std,F1_mean,F1_std
tfidf_char_ngram_baseline,0.9775,0.018096961070853845,0.9499999999999998,0.015811388300841875,0.9509157509157509,0.016315793004630076
