target,score,auroc,median_threshold,accuracy_at_median,precision_at_median,recall_at_median,f1_at_median
high_risk_behavior,hidden_risk_score_oof,0.8815920921184078,0.5459970235824585,0.8,0.9966666666666667,0.715311004784689,0.8328690807799443
high_risk_behavior,entropy_score,0.9163073768336927,2.9808826446533203,0.7566666666666667,0.9533333333333334,0.6842105263157895,0.7966573816155988
high_risk_behavior,neg_top1_prob_score,0.9077107103422893,-0.3373909592628479,0.7566666666666667,0.9533333333333334,0.6842105263157895,0.7966573816155988
high_risk_behavior,neg_margin_score,0.8818418423681582,-0.15788515657186503,0.73,0.9266666666666666,0.6650717703349283,0.7743732590529248
