{
  "split": "GroupKFold(entity)",
  "layer": 18,
  "auroc": 0.9998777777777778,
  "accuracy": 0.9933333333333333,
  "precision": 0.9933333333333333,
  "recall": 0.9933333333333333,
  "f1": 0.9933333333333333
}