name,AUROC_mean,AUROC_std,Accuracy_mean,Accuracy_std,F1_mean,F1_std
group_entity_length_baseline,0.4871666666666667,0.035991104010591767,0.48166666666666663,0.024944382578492935,0.4718030739404785,0.05211282786800889
group_entity_tfidf_baseline,0.4475555555555556,0.05370886309826939,0.47000000000000003,0.0498887651569859,0.47000000000000003,0.0498887651569859
