{
  "group_col": "entity",
  "n_splits": 5,
  "num_samples": 600,
  "num_groups": 300,
  "length_baseline": {
    "name": "group_entity_length_baseline",
    "AUROC_mean": 0.4871666666666667,
    "AUROC_std": 0.035991104010591767,
    "Accuracy_mean": 0.48166666666666663,
    "Accuracy_std": 0.024944382578492935,
    "F1_mean": 0.4718030739404785,
    "F1_std": 0.05211282786800889
  },
  "tfidf_baseline": {
    "name": "group_entity_tfidf_baseline",
    "AUROC_mean": 0.4475555555555556,
    "AUROC_std": 0.05370886309826939,
    "Accuracy_mean": 0.47000000000000003,
    "Accuracy_std": 0.0498887651569859,
    "F1_mean": 0.47000000000000003,
    "F1_std": 0.0498887651569859
  },
  "best_layer": 10,
  "best_hidden_auroc_mean": 1.0,
  "best_hidden_auroc_std": 0.0,
  "best_hidden_accuracy_mean": 0.9983333333333334,
  "best_hidden_f1_mean": 0.9983193277310924
}