baseline,auroc,median_threshold,accuracy_at_median_threshold,precision_at_median_threshold,recall_at_median_threshold,f1_at_median_threshold
entropy,0.8780555555555555,2.9917327165603638,0.8033333333333333,0.8033333333333333,0.8033333333333333,0.8033333333333333
negative_top1_prob,0.8564777777777778,-0.3714540898799896,0.7933333333333333,0.7933333333333333,0.7933333333333333,0.7933333333333333
negative_margin,0.8185777777777777,-0.2320723719894886,0.77,0.77,0.77,0.77
